{"cameraMode":{"drawMode":0,"name":"Shaded","section":"Shading Mode"},"sceneLighting":true,"audioPlay":false,"sceneViewState":{"m_AlwaysRefresh":false,"showFog":true,"showSkybox":true,"showFlares":true,"showImageEffects":true,"showParticleSystems":true,"showVisualEffectGraphs":true,"m_FxEnabled":true},"in2DMode":false,"pivot":{"x":30.76670265197754,"y":-42.093780517578128,"z":42.804466247558597},"rotation":{"x":-0.4975621700286865,"y":0.00832382496446371,"z":-0.004776580259203911,"w":-0.8673809766769409},"size":63.65533447265625,"orthographic":false}