{"cameraMode":{"drawMode":0,"name":"Shaded","section":"Shading Mode"},"sceneLighting":false,"audioPlay":false,"sceneViewState":{"m_AlwaysRefresh":false,"showFog":true,"showSkybox":false,"showFlares":true,"showImageEffects":true,"showParticleSystems":true,"showVisualEffectGraphs":true,"m_FxEnabled":true},"in2DMode":false,"pivot":{"x":2.8160486221313478,"y":2.2359213829040529,"z":0.5100860595703125},"rotation":{"x":-0.16561289131641389,"y":-0.19620107114315034,"z":0.03364088758826256,"w":-0.96589195728302},"size":11.363969802856446,"orthographic":false}